
[
  { "id": "f-1", "name": "French Fry", "price": "70/-", "category": "Fry", "description": "মুচমুচে সোনালী আলুর ফ্রাই।", "image": "https://images.unsplash.com/photo-1630384060421-cb20d0e0649d?auto=format&fit=crop&w=600&q=80" },
  { "id": "f-2", "name": "Potato Wedges (10 pcs)", "price": "80/-", "category": "Fry", "description": "স্পেশাল মশলায় ভাজা আলুর ওয়েজেস।", "image": "https://images.unsplash.com/photo-1605926637512-c8b181e201b4?auto=format&fit=crop&w=600&q=80" },
  { "id": "f-3", "name": "Chicken Fry", "price": "80/-", "category": "Fry", "description": "Crunchy and juicy fried chicken piece.", "image": "https://images.unsplash.com/photo-1626082927389-6cd097cdc6ec?auto=format&fit=crop&w=600&q=80", "popular": true },
  { "id": "f-4", "name": "Thai Fried Chicken (2 pcs)", "price": "110/-", "category": "Fry", "description": "থাই স্টাইলে তিল দিয়ে ভাজা চিকেন।", "image": "https://images.unsplash.com/photo-1569058242253-92a9c755a0ec?auto=format&fit=crop&w=600&q=80" },
  { "id": "f-5", "name": "Chicken Wings (4 pcs)", "price": "120/-", "category": "Fry", "description": "ঝাল ঝাল চিকেন উইংস।", "image": "https://images.unsplash.com/photo-1527477396000-6489b08132d1?auto=format&fit=crop&w=600&q=80" },
  { "id": "f-6", "name": "Nachos", "price": "120/-", "category": "Fry", "description": "মচমচে চিপস আর মাংসের কম্বিনেশন।", "image": "https://images.unsplash.com/photo-1582169296194-e9d648411dff?auto=format&fit=crop&w=600&q=80" },
  { "id": "f-7", "name": "Chicken Lollipop (5 pcs)", "price": "130/-", "category": "Fry", "description": "Succulent chicken drumettes marinated and fried.", "image": "https://images.unsplash.com/photo-1623653387945-2fd25214f8fc?auto=format&fit=crop&w=600&q=80", "popular": true },
  { "id": "f-8", "name": "Chicken Chili (8 pcs) With Fry", "price": "140/-", "category": "Fry", "description": "ঝাল চিকেন চিলি এবং ফ্রেঞ্চ ফ্রাই।", "image": "https://images.unsplash.com/photo-1606502973842-f64bc2f6d054?auto=format&fit=crop&w=600&q=80" },
  { "id": "f-9", "name": "Strip Chicken (6 pcs)", "price": "140/-", "category": "Fry", "description": "বোনলেস চিকেন স্ট্রিপস ফ্রাই।", "image": "https://images.unsplash.com/photo-1615679953957-340c5cb38bd7?auto=format&fit=crop&w=600&q=80" },
  { "id": "f-10", "name": "Pop Chicken (6 pcs)", "price": "140/-", "category": "Fry", "description": "মচমচে পপকর্ন চিকেন বাইটস।", "image": "https://images.unsplash.com/photo-1563507666358-19371d37a54a?auto=format&fit=crop&w=600&q=80" },
  { "id": "b-11", "name": "RFC Special Burger", "price": "120/-", "category": "Burger & Pizza", "description": "Our signature burger with special patty and secret sauce.", "image": "https://images.unsplash.com/photo-1568901346375-23c9450c58cd?auto=format&fit=crop&w=600&q=80", "popular": true },
  { "id": "b-12", "name": "Chicken Cheese Burger", "price": "110/-", "category": "Burger & Pizza", "description": "Juicy chicken patty topped with melted cheese.", "image": "https://images.unsplash.com/photo-1550547660-d9450f859349?auto=format&fit=crop&w=600&q=80" },
  { "id": "b-13", "name": "Chicken Burger", "price": "100/-", "category": "Burger & Pizza", "description": "Classic chicken burger with fresh lettuce and mayo.", "image": "https://images.unsplash.com/photo-1572802419224-296b0aeee0d9?auto=format&fit=crop&w=600&q=80" },
  { "id": "b-14", "name": "Pizza", "price": "140/-", "category": "Burger & Pizza", "description": "মিনি পার্সোনাল পিজ্জা।", "image": "https://images.unsplash.com/photo-1565299624946-b28f40a0ae38?auto=format&fit=crop&w=600&q=80" },
  { "id": "s-15", "name": "Chicken Sharma", "price": "100/-", "category": "Burger & Pizza", "description": "গরম রুটির ভেতর গ্রিল করা চিকেন।", "image": "https://images.unsplash.com/photo-1633333671275-c72558661705?auto=format&fit=crop&w=600&q=80" },
  { "id": "s-16", "name": "Egg Roll", "price": "70/-", "category": "Burger & Pizza", "description": "ডিম এবং সবজির মিক্সড রোল।", "image": "https://images.unsplash.com/photo-1623244837494-b2518f888f4c?auto=format&fit=crop&w=600&q=80" },
  { "id": "sw-17", "name": "RFC Special Smoke Sandwich", "price": "140/-", "category": "Burger & Pizza", "description": "স্মোকড চিকেন দিয়ে তৈরি স্পেশাল স্যান্ডউইচ।", "image": "https://images.unsplash.com/photo-1528735602780-2552fd46c7af?auto=format&fit=crop&w=600&q=80", "popular": true },
  { "id": "sw-18", "name": "Chicken Sub Sandwich", "price": "100/-", "category": "Burger & Pizza", "description": "ফ্রেশ সাব বানের ভেতর চিকেন ফিলিং।", "image": "https://images.unsplash.com/photo-1509722747745-b53d619dbce0?auto=format&fit=crop&w=600&q=80" },
  { "id": "fa-19", "name": "RFC Special Faluda", "price": "120/-", "category": "Drinks & Faluda", "description": "আইসক্রিম ও ফল দিয়ে শাহী ফালুদা।", "image": "https://images.unsplash.com/photo-1590080875515-8a3a8dc5735e?auto=format&fit=crop&w=600&q=80", "popular": true },
  { "id": "pa-20", "name": "RFC Special Mug Pasta", "price": "120/-", "category": "Chinese & Noodles", "description": "মগে বেক করা চিজি পাস্তা।", "image": "https://images.unsplash.com/photo-1621996346565-e3dbc646d9a9?auto=format&fit=crop&w=600&q=80", "popular": true },
  { "id": "pa-21", "name": "Chicken Cheese Pasta", "price": "100/-", "category": "Chinese & Noodles", "description": "চিকেন ও চিজ দিয়ে তৈরি রিচ পাস্তা।", "image": "https://images.unsplash.com/photo-1612874742237-6526221588e3?auto=format&fit=crop&w=600&q=80" },
  { "id": "pa-22", "name": "Regular Pasta", "price": "80/-", "category": "Chinese & Noodles", "description": "মজাদার ঘরোয়া স্বাদের পাস্তা।", "image": "https://images.unsplash.com/photo-1563379926898-05f4575a45d8?auto=format&fit=crop&w=600&q=80" },
  { "id": "nd-23", "name": "RFC Special Prawn Chowmein", "price": "160/-", "category": "Chinese & Noodles", "description": "চিংড়ি দিয়ে তৈরি স্পেশাল চাওমিন।", "image": "https://images.unsplash.com/photo-1585032226651-759b368d7246?auto=format&fit=crop&w=600&q=80", "popular": true },
  { "id": "nd-24", "name": "RFC Special Chicken Chowmein", "price": "120/-", "category": "Chinese & Noodles", "description": "চিকেন লোডেড স্পেশাল চাওমিন।", "image": "https://images.unsplash.com/photo-1600289037781-82178b5a79c9?auto=format&fit=crop&w=600&q=80" },
  { "id": "nd-25", "name": "Mixed Chowmein (1:3)", "price": "299/-", "category": "Chinese & Noodles", "description": "ডিম, চিকেন ও চিংড়ির ফ্যামিলি প্যাক।", "image": "https://images.unsplash.com/photo-1552611052-33e04de081de?auto=format&fit=crop&w=600&q=80" },
  { "id": "nd-26", "name": "Chicken Noodles", "price": "100/-", "category": "Chinese & Noodles", "description": "স্পাইসি চিকেন নুডলস।", "image": "https://images.unsplash.com/photo-1544093809-7d96a6f7df0f?auto=format&fit=crop&w=600&q=80" },
  { "id": "nd-27", "name": "Egg Noodles", "price": "60/-", "category": "Chinese & Noodles", "description": "ডিম দিয়ে ভাজা সিম্পল নুডলস।", "image": "https://images.unsplash.com/photo-1612929633738-8fe44f7ec841?auto=format&fit=crop&w=600&q=80" },
  { "id": "fc-28", "name": "Doi Fuchka", "price": "70/-", "category": "Drinks & Faluda", "description": "টক-মিষ্টি দই আর মশলাদার ফুচকা।", "image": "https://images.unsplash.com/photo-1631452180519-c014fe946bc7?auto=format&fit=crop&w=600&q=80", "popular": true },
  { "id": "sp-29", "name": "Thai Soup", "price": "80/-", "category": "Soup", "description": "ঘন এবং স্পাইসি থাই স্যুপ।", "image": "https://images.unsplash.com/photo-1547592166-23acbe3a624b?auto=format&fit=crop&w=600&q=80" },
  { "id": "sp-30", "name": "Corn Soup", "price": "80/-", "category": "Soup", "description": "মিষ্টি ভুট্টার তৈরি কর্ন স্যুপ।", "image": "https://images.unsplash.com/photo-1559847844-5315695dadae?auto=format&fit=crop&w=600&q=80" },
  { "id": "sp-31", "name": "Corn Soup (1:3)", "price": "220/-", "category": "Soup", "description": "ফ্যামিলি সাইজ কর্ন স্যুপ।", "image": "https://images.unsplash.com/photo-1559847844-5315695dadae?auto=format&fit=crop&w=600&q=80" },
  { "id": "sp-32", "name": "Wonton (6 pcs)", "price": "100/-", "category": "Soup", "description": "সুস্বাদু ক্রিস্পি ওয়ানটন।", "image": "https://images.unsplash.com/photo-1596797038530-2c107229654b?auto=format&fit=crop&w=600&q=80" },
  { "id": "sp-33", "name": "Thai Soup (1:3)", "price": "220/-", "category": "Soup", "description": "ফ্যামিলি সাইজ থাই স্যুপ।", "image": "https://images.unsplash.com/photo-1547592166-23acbe3a624b?auto=format&fit=crop&w=600&q=80" },
  { "id": "cf-34", "name": "Chocolate Cold Coffee", "price": "70/-", "category": "Coffee", "description": "চকলেট ফ্লেভারের কোল্ড কফি।", "image": "https://images.unsplash.com/photo-1572490122747-3968b75cc699?auto=format&fit=crop&w=600&q=80" },
  { "id": "cf-35", "name": "Cold Coffee", "price": "60/-", "category": "Coffee", "description": "রিফ্রেশিং কোল্ড কফি।", "image": "https://images.unsplash.com/photo-1461023058943-07fcbe16d735?auto=format&fit=crop&w=600&q=80" },
  { "id": "cf-36", "name": "Hot Coffee", "price": "30/-", "category": "Coffee", "description": "গরম ধোঁয়া ওঠা কফি।", "image": "https://images.unsplash.com/photo-1509042239860-f550ce710b93?auto=format&fit=crop&w=600&q=80" },
  { "id": "cf-37", "name": "Black Coffee", "price": "25/-", "category": "Coffee", "description": "কড়া লিকারের ব্ল্যাক কফি।", "image": "https://images.unsplash.com/photo-1497935586351-b67a49e012bf?auto=format&fit=crop&w=600&q=80" },
  { "id": "set-38", "name": "RFC Special Set Menu 1", "price": "230/-", "category": "Chinese & Noodles", "description": "রাইস+চিকেন ফ্রাই+BBQ চিকেন+সালাদ+ড্রিংকস।", "image": "https://images.unsplash.com/photo-1512058564366-18510be2db19?auto=format&fit=crop&w=600&q=80", "popular": true },
  { "id": "set-39", "name": "RFC Special Set Menu 2", "price": "220/-", "category": "Chinese & Noodles", "description": "রাইস+চিকেন ফ্রাই+মাঞ্চুরিয়ান+সালাদ+ড্রিংকস।", "image": "https://images.unsplash.com/photo-1603133872878-684f208fb74b?auto=format&fit=crop&w=600&q=80" },
  { "id": "set-40", "name": "RFC Special Set Menu 3", "price": "200/-", "category": "Chinese & Noodles", "description": "রাইস+চিকেন ফ্রাই+ভেজিটেবল+সালাদ+ড্রিংকস।", "image": "https://images.unsplash.com/photo-1596797038530-2c107229654b?auto=format&fit=crop&w=600&q=80" },
  { "id": "set-41", "name": "RFC Special Set Menu 4", "price": "150/-", "category": "Chinese & Noodles", "description": "ফ্রাইড রাইস + চিকেন ফ্রাই + সালাদ।", "image": "https://images.unsplash.com/photo-1612929633738-8fe44f7ec841?auto=format&fit=crop&w=600&q=80" },
  { "id": "ch-42", "name": "Vegetable Fried Rice (1:4)", "price": "290/-", "category": "Chinese & Noodles", "description": "সবজি দিয়ে চাইনিজ ফ্রাইড রাইস (৪ জন)।", "image": "https://images.unsplash.com/photo-1603133872878-684f208fb74b?auto=format&fit=crop&w=600&q=80" },
  { "id": "ch-43", "name": "Chinese Vegetable (1:4)", "price": "200/-", "category": "Chinese & Noodles", "description": "চাইনিজ স্টাইলে মিক্সড ভেজিটেবল।", "image": "https://images.unsplash.com/photo-1550989460-0adf9ea622e2?auto=format&fit=crop&w=600&q=80" },
  { "id": "ch-44", "name": "Chicken Cashewnut Salad (1:4)", "price": "380/-", "category": "Chinese & Noodles", "description": "কাজুবাদাম ও ক্রিস্পি চিকেন সালাদ।", "image": "https://images.unsplash.com/photo-1546069901-ba9599a7e63c?auto=format&fit=crop&w=600&q=80" },
  { "id": "ch-45", "name": "Chicken Sizzling (1:4)", "price": "390/-", "category": "Chinese & Noodles", "description": "গরম প্লেটে পরিবেশিত সিজলিং চিকেন।", "image": "https://images.unsplash.com/photo-1598515214211-89d3c73ae83b?auto=format&fit=crop&w=600&q=80" },
  { "id": "ch-46", "name": "Chicken Chili Onion (1:4)", "price": "300/-", "category": "Chinese & Noodles", "description": "পেঁয়াজ ও মরিচ দিয়ে ঝাল চিকেন।", "image": "https://images.unsplash.com/photo-1606502973842-f64bc2f6d054?auto=format&fit=crop&w=600&q=80" },
  { "id": "br-47", "name": "Hyderabadi Biryani", "price": "240/-", "category": "Biryani", "description": "হায়দ্রাবাদি মশলায় তৈরি দম বিরিয়ানি।", "image": "https://images.unsplash.com/photo-1563379091339-03b21ab4a4f8?auto=format&fit=crop&w=600&q=80" },
  { "id": "br-48", "name": "Mutton Biryani", "price": "190/-", "category": "Biryani", "description": "১ পিস মাটন + ১ পিস ডিম + সালাদ।", "image": "https://images.unsplash.com/photo-1630855862237-436de8c18742?auto=format&fit=crop&w=600&q=80" },
  { "id": "br-49", "name": "Chicken Biryani", "price": "180/-", "category": "Biryani", "description": "চিকেন ও সুগন্ধি চালের বিরিয়ানি।", "image": "https://images.unsplash.com/photo-1589302168068-964664d93dc0?auto=format&fit=crop&w=600&q=80" },
  { "id": "bv-50", "name": "Sweet Lassi", "price": "60/-", "category": "Drinks & Faluda", "description": "ঘন দইয়ের মিষ্টি লাচ্ছি।", "image": "https://images.unsplash.com/photo-1556881286-fc6915169721?auto=format&fit=crop&w=600&q=80" },
  { "id": "bv-51", "name": "Mixed Shake", "price": "60/-", "category": "Drinks & Faluda", "description": "বিভিন্ন ফলের মিক্সড শেক।", "image": "https://images.unsplash.com/photo-1579954115545-a95591f28bfc?auto=format&fit=crop&w=600&q=80" },
  { "id": "bv-52", "name": "Chocolate Milk Shake", "price": "70/-", "category": "Drinks & Faluda", "description": "চকলেট লাভারদের জন্য রিচ শেক।", "image": "https://images.unsplash.com/photo-1572490122747-3968b75cc699?auto=format&fit=crop&w=600&q=80" },
  { "id": "bv-53", "name": "Strawberry Shake", "price": "70/-", "category": "Drinks & Faluda", "description": "স্ট্রবেরি ফ্লেভারের শেক।", "image": "https://images.unsplash.com/photo-1577805947697-89e18249d767?auto=format&fit=crop&w=600&q=80" },
  { "id": "bv-54", "name": "Vanilla Shake", "price": "70/-", "category": "Drinks & Faluda", "description": "ক্লাসিক ভ্যানিলা শেক।", "image": "https://images.unsplash.com/photo-1572490122747-3968b75cc699?auto=format&fit=crop&w=600&q=80" },
  { "id": "bv-55", "name": "Apple Juice", "price": "60/-", "category": "Drinks & Faluda", "description": "ফ্রেশ আপেলের জুস।", "image": "https://images.unsplash.com/photo-1567306226416-28f0efdc88ce?auto=format&fit=crop&w=600&q=80" },
  { "id": "bv-56", "name": "Malta Juice", "price": "60/-", "category": "Drinks & Faluda", "description": "ভিটামিন সি যুক্ত মাল্টার জুস।", "image": "https://images.unsplash.com/photo-1582234032646-778893113571?auto=format&fit=crop&w=600&q=80" },
  { "id": "bv-57", "name": "Blue Moon Shake", "price": "90/-", "category": "Drinks & Faluda", "description": "স্পেশাল ব্লু মকটেল শেক।", "image": "https://images.unsplash.com/photo-1513558161293-cdaf765ed2fd?auto=format&fit=crop&w=600&q=80" },
  { "id": "bv-58", "name": "Borhani", "price": "60/-", "category": "Drinks & Faluda", "description": "মশলাদার ঐতিহ্যবাহী বোরহানি।", "image": "https://images.unsplash.com/photo-1631452180519-c014fe946bc7?auto=format&fit=crop&w=600&q=80" }
]
